J;T;CostoFijoAcopio
1;1;4300000
1;2;4300000
1;3;4300000
1;4;4300000
1;5;4300000
1;6;4300000
1;7;4300000
1;8;4300000
1;9;4300000
1;10;4300000
1;11;4300000
1;12;4300000
2;1;4450000
2;2;4450000
2;3;4450000
2;4;4450000
2;5;4450000
2;6;4450000
2;7;4450000
2;8;4450000
2;9;4450000
2;10;4450000
2;11;4450000
2;12;4450000
3;1;4330000
3;2;4330000
3;3;4330000
3;4;4330000
3;5;4330000
3;6;4330000
3;7;4330000
3;8;4330000
3;9;4330000
3;10;4330000
3;11;4330000
3;12;4330000
